Pattern,Engine,Input_Size,Time_ns,Matches
Simple/digits,CTRE-SIMD,16,7.85,10000
Simple/digits,RE2,16,74.22,10000
Simple/digits,PCRE2,16,21.95,10000
Simple/digits,Hyperscan,16,52.69,10000
Simple/digits,std::regex,16,337.69,2000
Simple/digits,CTRE-SIMD,32,2.92,10000
Simple/digits,RE2,32,97.96,10000
Simple/digits,PCRE2,32,27.58,10000
Simple/digits,Hyperscan,32,83.76,10000
Simple/digits,std::regex,32,699.59,2000
Simple/digits,CTRE-SIMD,64,2.18,10000
Simple/digits,RE2,64,139.5,10000
Simple/digits,PCRE2,64,35.13,10000
Simple/digits,Hyperscan,64,72.67,10000
Simple/digits,std::regex,64,1292.58,2000
Simple/digits,CTRE-SIMD,128,3.18,10000
Simple/digits,RE2,128,228.27,10000
Simple/digits,PCRE2,128,51.9,10000
Simple/digits,Hyperscan,128,106.43,10000
Simple/digits,std::regex,128,2633.2,2000
Simple/digits,CTRE-SIMD,256,5.74,10000
Simple/digits,RE2,256,406.4,10000
Simple/digits,PCRE2,256,87.04,10000
Simple/digits,Hyperscan,256,175.33,10000
Simple/digits,std::regex,256,4327.65,2000
Simple/digits,CTRE-SIMD,512,10.2,10000
Simple/digits,RE2,512,765.53,10000
Simple/digits,PCRE2,512,162.54,10000
Simple/digits,Hyperscan,512,312.17,10000
Simple/digits,std::regex,512,9454.03,2000
Simple/digits,CTRE-SIMD,1024,22.15,10000
Simple/digits,RE2,1024,1501.41,10000
Simple/digits,PCRE2,1024,300.94,10000
Simple/digits,Hyperscan,1024,586.28,10000
Simple/digits,std::regex,1024,17699.12,2000
Simple/digits,CTRE-SIMD,2048,39.85,10000
Simple/digits,RE2,2048,2942.5,10000
Simple/digits,PCRE2,2048,588.49,10000
Simple/digits,Hyperscan,2048,1135.09,10000
Simple/digits,std::regex,2048,42508.88,2000
Simple/digits,CTRE-SIMD,4096,78.81,10000
Simple/digits,RE2,4096,5778.65,10000
Simple/digits,PCRE2,4096,1127.71,10000
Simple/digits,Hyperscan,4096,2228.33,10000
Simple/digits,std::regex,4096,99845.25,2000
Simple/digits,CTRE-SIMD,8192,156.35,10000
Simple/digits,RE2,8192,11510.06,10000
Simple/digits,PCRE2,8192,2234.11,10000
Simple/digits,Hyperscan,8192,4414.12,10000
Simple/digits,std::regex,8192,226644.39,2000
Simple/digits,CTRE-SIMD,16384,315.44,10000
Simple/digits,RE2,16384,22966.23,10000
Simple/digits,PCRE2,16384,4427.35,10000
Simple/digits,Hyperscan,16384,8799.13,10000
Simple/digits,CTRE-SIMD,32768,757.14,10000
Simple/digits,RE2,32768,45914.47,10000
Simple/digits,PCRE2,32768,8841.93,10000
Simple/digits,Hyperscan,32768,17562.62,10000
Simple/lowercase,CTRE-SIMD,16,7.62,10000
Simple/lowercase,RE2,16,74.63,10000
Simple/lowercase,PCRE2,16,22.03,10000
Simple/lowercase,Hyperscan,16,54.08,10000
Simple/lowercase,std::regex,16,343.64,2000
Simple/lowercase,CTRE-SIMD,32,4.49,10000
Simple/lowercase,RE2,32,95.26,10000
Simple/lowercase,PCRE2,32,27.15,10000
Simple/lowercase,Hyperscan,32,83.68,10000
Simple/lowercase,std::regex,32,698.59,2000
Simple/lowercase,CTRE-SIMD,64,4.01,10000
Simple/lowercase,RE2,64,139.12,10000
Simple/lowercase,PCRE2,64,35.97,10000
Simple/lowercase,Hyperscan,64,74.61,10000
Simple/lowercase,std::regex,64,1322.38,2000
Simple/lowercase,CTRE-SIMD,128,5.24,10000
Simple/lowercase,RE2,128,229.93,10000
Simple/lowercase,PCRE2,128,52.83,10000
Simple/lowercase,Hyperscan,128,107.67,10000
Simple/lowercase,std::regex,128,2591.43,2000
Simple/lowercase,CTRE-SIMD,256,6.52,10000
Simple/lowercase,RE2,256,405.68,10000
Simple/lowercase,PCRE2,256,86.88,10000
Simple/lowercase,Hyperscan,256,175.91,10000
Simple/lowercase,std::regex,256,4515.46,2000
Simple/lowercase,CTRE-SIMD,512,11.44,10000
Simple/lowercase,RE2,512,787.36,10000
Simple/lowercase,PCRE2,512,162.47,10000
Simple/lowercase,Hyperscan,512,312.3,10000
Simple/lowercase,std::regex,512,9965.95,2000
Simple/lowercase,CTRE-SIMD,1024,23.07,10000
Simple/lowercase,RE2,1024,1484.26,10000
Simple/lowercase,PCRE2,1024,301.82,10000
Simple/lowercase,Hyperscan,1024,586.65,10000
Simple/lowercase,std::regex,1024,17324.43,2000
Simple/lowercase,CTRE-SIMD,2048,43.28,10000
Simple/lowercase,RE2,2048,2926.38,10000
Simple/lowercase,PCRE2,2048,576.78,10000
Simple/lowercase,Hyperscan,2048,1133.77,10000
Simple/lowercase,std::regex,2048,44289.79,2000
Simple/lowercase,CTRE-SIMD,4096,83.35,10000
Simple/lowercase,RE2,4096,5804.97,10000
Simple/lowercase,PCRE2,4096,1126.61,10000
Simple/lowercase,Hyperscan,4096,2233.01,10000
Simple/lowercase,std::regex,4096,94400.97,2000
Simple/lowercase,CTRE-SIMD,8192,164.88,10000
Simple/lowercase,RE2,8192,11565.95,10000
Simple/lowercase,PCRE2,8192,2229.8,10000
Simple/lowercase,Hyperscan,8192,4427.25,10000
Simple/lowercase,std::regex,8192,226742.13,2000
Simple/lowercase,CTRE-SIMD,16384,331.7,10000
Simple/lowercase,RE2,16384,23033.17,10000
Simple/lowercase,PCRE2,16384,4425.95,10000
Simple/lowercase,Hyperscan,16384,8804.32,10000
Simple/lowercase,CTRE-SIMD,32768,778.91,10000
Simple/lowercase,RE2,32768,46071.65,10000
Simple/lowercase,PCRE2,32768,8851.3,10000
Simple/lowercase,Hyperscan,32768,17567.93,10000
Simple/uppercase,CTRE-SIMD,16,7.69,10000
Simple/uppercase,RE2,16,73.73,10000
Simple/uppercase,PCRE2,16,22.49,10000
Simple/uppercase,Hyperscan,16,68.51,10000
Simple/uppercase,std::regex,16,346.9,2000
Simple/uppercase,CTRE-SIMD,32,2.94,10000
Simple/uppercase,RE2,32,94.8,10000
Simple/uppercase,PCRE2,32,28.24,10000
Simple/uppercase,Hyperscan,32,90.05,10000
Simple/uppercase,std::regex,32,695.51,2000
Simple/uppercase,CTRE-SIMD,64,2.4,10000
Simple/uppercase,RE2,64,140.85,10000
Simple/uppercase,PCRE2,64,35.97,10000
Simple/uppercase,Hyperscan,64,74.58,10000
Simple/uppercase,std::regex,64,1303.87,2000
Simple/uppercase,CTRE-SIMD,128,3.23,10000
Simple/uppercase,RE2,128,232.68,10000
Simple/uppercase,PCRE2,128,53.0,10000
Simple/uppercase,Hyperscan,128,106.51,10000
Simple/uppercase,std::regex,128,2550.32,2000
Simple/uppercase,CTRE-SIMD,256,5.8,10000
Simple/uppercase,RE2,256,409.89,10000
Simple/uppercase,PCRE2,256,86.57,10000
Simple/uppercase,Hyperscan,256,176.78,10000
Simple/uppercase,std::regex,256,4448.88,2000
Simple/uppercase,CTRE-SIMD,512,10.16,10000
Simple/uppercase,RE2,512,777.39,10000
Simple/uppercase,PCRE2,512,162.7,10000
Simple/uppercase,Hyperscan,512,311.52,10000
Simple/uppercase,std::regex,512,8707.9,2000
Simple/uppercase,CTRE-SIMD,1024,21.5,10000
Simple/uppercase,RE2,1024,1488.86,10000
Simple/uppercase,PCRE2,1024,301.12,10000
Simple/uppercase,Hyperscan,1024,587.97,10000
Simple/uppercase,std::regex,1024,18185.1,2000
Simple/uppercase,CTRE-SIMD,2048,40.83,10000
Simple/uppercase,RE2,2048,2944.2,10000
Simple/uppercase,PCRE2,2048,576.78,10000
Simple/uppercase,Hyperscan,2048,1137.84,10000
Simple/uppercase,std::regex,2048,36546.83,2000
Simple/uppercase,CTRE-SIMD,4096,78.42,10000
Simple/uppercase,RE2,4096,5878.28,10000
Simple/uppercase,PCRE2,4096,1126.34,10000
Simple/uppercase,Hyperscan,4096,2230.95,10000
Simple/uppercase,std::regex,4096,90711.83,2000
Simple/uppercase,CTRE-SIMD,8192,156.24,10000
Simple/uppercase,RE2,8192,11661.06,10000
Simple/uppercase,PCRE2,8192,2226.02,10000
Simple/uppercase,Hyperscan,8192,4419.91,10000
Simple/uppercase,std::regex,8192,225584.43,2000
Simple/uppercase,CTRE-SIMD,16384,312.81,10000
Simple/uppercase,RE2,16384,23162.65,10000
Simple/uppercase,PCRE2,16384,4436.23,10000
Simple/uppercase,Hyperscan,16384,8796.63,10000
Simple/uppercase,CTRE-SIMD,32768,757.96,10000
Simple/uppercase,RE2,32768,46417.46,10000
Simple/uppercase,PCRE2,32768,8842.96,10000
Simple/uppercase,Hyperscan,32768,17577.14,10000
Simple/vowels,CTRE-SIMD,16,7.14,10000
Simple/vowels,RE2,16,74.92,10000
Simple/vowels,PCRE2,16,26.15,10000
Simple/vowels,Hyperscan,16,54.45,10000
Simple/vowels,std::regex,16,335.44,2000
Simple/vowels,CTRE-SIMD,32,3.19,10000
Simple/vowels,RE2,32,94.19,10000
Simple/vowels,PCRE2,32,34.57,10000
Simple/vowels,Hyperscan,32,84.05,10000
Simple/vowels,std::regex,32,699.93,2000
Simple/vowels,CTRE-SIMD,64,3.71,10000
Simple/vowels,RE2,64,144.76,10000
Simple/vowels,PCRE2,64,51.6,10000
Simple/vowels,Hyperscan,64,143.03,10000
Simple/vowels,std::regex,64,1287.87,2000
Simple/vowels,CTRE-SIMD,128,5.31,10000
Simple/vowels,RE2,128,229.53,10000
Simple/vowels,PCRE2,128,86.13,10000
Simple/vowels,Hyperscan,128,386.1,10000
Simple/vowels,std::regex,128,2721.52,2000
Simple/vowels,CTRE-SIMD,256,9.22,10000
Simple/vowels,RE2,256,410.3,10000
Simple/vowels,PCRE2,256,154.27,10000
Simple/vowels,Hyperscan,256,667.28,10000
Simple/vowels,std::regex,256,4573.1,2000
Simple/vowels,CTRE-SIMD,512,18.2,10000
Simple/vowels,RE2,512,763.12,10000
Simple/vowels,PCRE2,512,298.01,10000
Simple/vowels,Hyperscan,512,1207.28,10000
Simple/vowels,std::regex,512,8553.62,2000
Simple/vowels,CTRE-SIMD,1024,33.79,10000
Simple/vowels,RE2,1024,1485.98,10000
Simple/vowels,PCRE2,1024,575.38,10000
Simple/vowels,Hyperscan,1024,2306.28,10000
Simple/vowels,std::regex,1024,19308.26,2000
Simple/vowels,CTRE-SIMD,2048,67.49,10000
Simple/vowels,RE2,2048,2915.82,10000
Simple/vowels,PCRE2,2048,1126.62,10000
Simple/vowels,Hyperscan,2048,4505.09,10000
Simple/vowels,std::regex,2048,39445.92,2000
Simple/vowels,CTRE-SIMD,4096,131.52,10000
Simple/vowels,RE2,4096,5856.6,10000
Simple/vowels,PCRE2,4096,2234.43,10000
Simple/vowels,Hyperscan,4096,8899.64,10000
Simple/vowels,std::regex,4096,97958.77,2000
Simple/vowels,CTRE-SIMD,8192,267.73,10000
Simple/vowels,RE2,8192,11540.62,10000
Simple/vowels,PCRE2,8192,4435.61,10000
Simple/vowels,Hyperscan,8192,17679.78,10000
Simple/vowels,std::regex,8192,233394.88,2000
Simple/vowels,CTRE-SIMD,16384,528.15,10000
Simple/vowels,RE2,16384,23023.7,10000
Simple/vowels,PCRE2,16384,8844.78,10000
Simple/vowels,Hyperscan,16384,35328.93,10000
Simple/vowels,CTRE-SIMD,32768,1095.18,10000
Simple/vowels,RE2,32768,46474.05,10000
Simple/vowels,PCRE2,32768,17646.53,10000
Simple/vowels,Hyperscan,32768,70472.19,10000
Simple/alphanumeric,CTRE-SIMD,16,17.6,10000
Simple/alphanumeric,RE2,16,74.91,10000
Simple/alphanumeric,PCRE2,16,26.63,10000
Simple/alphanumeric,Hyperscan,16,53.24,10000
Simple/alphanumeric,std::regex,16,342.71,2000
Simple/alphanumeric,CTRE-SIMD,32,2.4,10000
Simple/alphanumeric,RE2,32,95.86,10000
Simple/alphanumeric,PCRE2,32,35.46,10000
Simple/alphanumeric,Hyperscan,32,83.83,10000
Simple/alphanumeric,std::regex,32,703.06,2000
Simple/alphanumeric,CTRE-SIMD,64,2.92,10000
Simple/alphanumeric,RE2,64,140.4,10000
Simple/alphanumeric,PCRE2,64,51.93,10000
Simple/alphanumeric,Hyperscan,64,73.79,10000
Simple/alphanumeric,std::regex,64,1329.04,2000
Simple/alphanumeric,CTRE-SIMD,128,4.49,10000
Simple/alphanumeric,RE2,128,237.37,10000
Simple/alphanumeric,PCRE2,128,86.14,10000
Simple/alphanumeric,Hyperscan,128,106.62,10000
Simple/alphanumeric,std::regex,128,2663.87,2000
Simple/alphanumeric,CTRE-SIMD,256,7.72,10000
Simple/alphanumeric,RE2,256,409.24,10000
Simple/alphanumeric,PCRE2,256,155.5,10000
Simple/alphanumeric,Hyperscan,256,185.57,10000
Simple/alphanumeric,std::regex,256,5166.09,2000
Simple/alphanumeric,CTRE-SIMD,512,14.41,10000
Simple/alphanumeric,RE2,512,768.88,10000
Simple/alphanumeric,PCRE2,512,297.53,10000
Simple/alphanumeric,Hyperscan,512,311.28,10000
Simple/alphanumeric,std::regex,512,9593.01,2000
Simple/alphanumeric,CTRE-SIMD,1024,28.82,10000
Simple/alphanumeric,RE2,1024,1490.8,10000
Simple/alphanumeric,PCRE2,1024,575.88,10000
Simple/alphanumeric,Hyperscan,1024,587.33,10000
Simple/alphanumeric,std::regex,1024,18998.01,2000
Simple/alphanumeric,CTRE-SIMD,2048,56.19,10000
Simple/alphanumeric,RE2,2048,2927.21,10000
Simple/alphanumeric,PCRE2,2048,1125.47,10000
Simple/alphanumeric,Hyperscan,2048,1135.25,10000
Simple/alphanumeric,std::regex,2048,40575.07,2000
Simple/alphanumeric,CTRE-SIMD,4096,111.07,10000
Simple/alphanumeric,RE2,4096,6095.48,10000
Simple/alphanumeric,PCRE2,4096,2234.81,10000
Simple/alphanumeric,Hyperscan,4096,2230.75,10000
Simple/alphanumeric,std::regex,4096,97196.17,2000
Simple/alphanumeric,CTRE-SIMD,8192,221.27,10000
Simple/alphanumeric,RE2,8192,11643.84,10000
Simple/alphanumeric,PCRE2,8192,4427.87,10000
Simple/alphanumeric,Hyperscan,8192,4421.01,10000
Simple/alphanumeric,std::regex,8192,226199.15,2000
Simple/alphanumeric,CTRE-SIMD,16384,436.06,10000
Simple/alphanumeric,RE2,16384,23257.08,10000
Simple/alphanumeric,PCRE2,16384,8832.44,10000
Simple/alphanumeric,Hyperscan,16384,8809.02,10000
Simple/alphanumeric,CTRE-SIMD,32768,938.52,10000
Simple/alphanumeric,RE2,32768,46419.99,10000
Simple/alphanumeric,PCRE2,32768,17656.87,10000
Simple/alphanumeric,Hyperscan,32768,17561.37,10000
Complex/decimal,CTRE-SIMD,16,8.19,10000
Complex/decimal,RE2,16,75.65,10000
Complex/decimal,PCRE2,16,24.08,10000
Complex/decimal,Hyperscan,16,52.89,10000
Complex/decimal,std::regex,16,323.98,2000
Complex/decimal,CTRE-SIMD,32,11.15,10000
Complex/decimal,RE2,32,93.79,10000
Complex/decimal,PCRE2,32,29.03,10000
Complex/decimal,Hyperscan,32,85.71,10000
Complex/decimal,std::regex,32,593.67,2000
Complex/decimal,CTRE-SIMD,64,24.89,10000
Complex/decimal,RE2,64,139.38,10000
Complex/decimal,PCRE2,64,41.85,10000
Complex/decimal,Hyperscan,64,73.26,10000
Complex/decimal,std::regex,64,1320.38,2000
Complex/decimal,CTRE-SIMD,128,19.34,10000
Complex/decimal,RE2,128,227.26,10000
Complex/decimal,PCRE2,128,68.64,10000
Complex/decimal,Hyperscan,128,106.12,10000
Complex/decimal,std::regex,128,2699.96,2000
Complex/decimal,CTRE-SIMD,256,27.53,10000
Complex/decimal,RE2,256,405.75,10000
Complex/decimal,PCRE2,256,122.22,10000
Complex/decimal,Hyperscan,256,178.49,10000
Complex/decimal,std::regex,256,5700.8,2000
Complex/decimal,CTRE-SIMD,512,38.52,10000
Complex/decimal,RE2,512,778.0,10000
Complex/decimal,PCRE2,512,232.45,10000
Complex/decimal,Hyperscan,512,315.42,10000
Complex/decimal,std::regex,512,11424.23,2000
Complex/decimal,CTRE-SIMD,1024,57.33,10000
Complex/decimal,RE2,1024,1520.67,10000
Complex/decimal,PCRE2,1024,454.72,10000
Complex/decimal,Hyperscan,1024,596.64,10000
Complex/decimal,std::regex,1024,22481.66,2000
Complex/decimal,CTRE-SIMD,2048,87.18,10000
Complex/decimal,RE2,2048,2937.09,10000
Complex/decimal,PCRE2,2048,912.89,10000
Complex/decimal,Hyperscan,2048,1143.06,10000
Complex/decimal,std::regex,2048,49441.32,2000
Complex/decimal,CTRE-SIMD,4096,136.81,10000
Complex/decimal,RE2,4096,5853.75,10000
Complex/decimal,PCRE2,4096,1774.33,10000
Complex/decimal,Hyperscan,4096,2241.42,10000
Complex/decimal,std::regex,4096,99993.48,2000
Complex/decimal,CTRE-SIMD,8192,238.26,10000
Complex/decimal,RE2,8192,11617.43,10000
Complex/decimal,PCRE2,8192,3508.4,10000
Complex/decimal,Hyperscan,8192,4438.28,10000
Complex/decimal,std::regex,8192,235525.56,2000
Complex/decimal,CTRE-SIMD,16384,432.91,10000
Complex/decimal,RE2,16384,23161.49,10000
Complex/decimal,PCRE2,16384,6979.67,10000
Complex/decimal,Hyperscan,16384,8827.14,10000
Complex/decimal,CTRE-SIMD,32768,1282.25,10000
Complex/decimal,RE2,32768,46112.0,10000
Complex/decimal,PCRE2,32768,14174.85,10000
Complex/decimal,Hyperscan,32768,17645.99,10000
Complex/hex,CTRE-SIMD,16,29.63,10000
Complex/hex,RE2,16,75.41,10000
Complex/hex,PCRE2,16,26.42,10000
Complex/hex,Hyperscan,16,52.99,10000
Complex/hex,std::regex,16,338.89,2000
Complex/hex,CTRE-SIMD,32,2.39,10000
Complex/hex,RE2,32,93.02,10000
Complex/hex,PCRE2,32,34.59,10000
Complex/hex,Hyperscan,32,102.87,10000
Complex/hex,std::regex,32,692.25,2000
Complex/hex,CTRE-SIMD,64,2.92,10000
Complex/hex,RE2,64,137.11,10000
Complex/hex,PCRE2,64,52.22,10000
Complex/hex,Hyperscan,64,74.28,10000
Complex/hex,std::regex,64,1309.59,2000
Complex/hex,CTRE-SIMD,128,4.32,10000
Complex/hex,RE2,128,229.48,10000
Complex/hex,PCRE2,128,87.16,10000
Complex/hex,Hyperscan,128,106.28,10000
Complex/hex,std::regex,128,2620.6,2000
Complex/hex,CTRE-SIMD,256,7.59,10000
Complex/hex,RE2,256,413.44,10000
Complex/hex,PCRE2,256,155.47,10000
Complex/hex,Hyperscan,256,174.98,10000
Complex/hex,std::regex,256,4161.23,2000
Complex/hex,CTRE-SIMD,512,14.32,10000
Complex/hex,RE2,512,765.01,10000
Complex/hex,PCRE2,512,297.85,10000
Complex/hex,Hyperscan,512,312.53,10000
Complex/hex,std::regex,512,8599.28,2000
Complex/hex,CTRE-SIMD,1024,28.81,10000
Complex/hex,RE2,1024,1490.15,10000
Complex/hex,PCRE2,1024,575.68,10000
Complex/hex,Hyperscan,1024,586.51,10000
Complex/hex,std::regex,1024,18154.12,2000
Complex/hex,CTRE-SIMD,2048,57.84,10000
Complex/hex,RE2,2048,3004.52,10000
Complex/hex,PCRE2,2048,1127.37,10000
Complex/hex,Hyperscan,2048,1134.64,10000
Complex/hex,std::regex,2048,37702.71,2000
Complex/hex,CTRE-SIMD,4096,108.98,10000
Complex/hex,RE2,4096,5886.21,10000
Complex/hex,PCRE2,4096,2231.33,10000
Complex/hex,Hyperscan,4096,2227.94,10000
Complex/hex,std::regex,4096,94850.59,2000
Complex/hex,CTRE-SIMD,8192,221.33,10000
Complex/hex,RE2,8192,11741.41,10000
Complex/hex,PCRE2,8192,4429.77,10000
Complex/hex,Hyperscan,8192,4422.69,10000
Complex/hex,std::regex,8192,245589.98,2000
Complex/hex,CTRE-SIMD,16384,433.08,10000
Complex/hex,RE2,16384,23090.94,10000
Complex/hex,PCRE2,16384,8830.46,10000
Complex/hex,Hyperscan,16384,8802.45,10000
Complex/hex,CTRE-SIMD,32768,944.91,10000
Complex/hex,RE2,32768,46106.9,10000
Complex/hex,PCRE2,32768,17649.31,10000
Complex/hex,Hyperscan,32768,17576.38,10000
Complex/identifier,CTRE-SIMD,16,21.64,10000
Complex/identifier,RE2,16,75.51,10000
Complex/identifier,PCRE2,16,25.91,10000
Complex/identifier,Hyperscan,16,52.98,10000
Complex/identifier,std::regex,16,338.98,2000
Complex/identifier,CTRE-SIMD,32,52.46,10000
Complex/identifier,RE2,32,93.82,10000
Complex/identifier,PCRE2,32,35.73,10000
Complex/identifier,Hyperscan,32,110.67,10000
Complex/identifier,std::regex,32,691.14,2000
Complex/identifier,CTRE-SIMD,64,42.97,10000
Complex/identifier,RE2,64,140.12,10000
Complex/identifier,PCRE2,64,51.35,10000
Complex/identifier,Hyperscan,64,73.5,10000
Complex/identifier,std::regex,64,1317.53,2000
Complex/identifier,CTRE-SIMD,128,46.38,10000
Complex/identifier,RE2,128,228.09,10000
Complex/identifier,PCRE2,128,87.48,10000
Complex/identifier,Hyperscan,128,107.85,10000
Complex/identifier,std::regex,128,2606.47,2000
Complex/identifier,CTRE-SIMD,256,49.98,10000
Complex/identifier,RE2,256,407.21,10000
Complex/identifier,PCRE2,256,156.94,10000
Complex/identifier,Hyperscan,256,174.22,10000
Complex/identifier,std::regex,256,4193.29,2000
Complex/identifier,CTRE-SIMD,512,63.3,10000
Complex/identifier,RE2,512,764.0,10000
Complex/identifier,PCRE2,512,298.62,10000
Complex/identifier,Hyperscan,512,310.74,10000
Complex/identifier,std::regex,512,8417.06,2000
Complex/identifier,CTRE-SIMD,1024,92.02,10000
Complex/identifier,RE2,1024,1486.31,10000
Complex/identifier,PCRE2,1024,574.16,10000
Complex/identifier,Hyperscan,1024,586.73,10000
Complex/identifier,std::regex,1024,17282.69,2000
Complex/identifier,CTRE-SIMD,2048,131.32,10000
Complex/identifier,RE2,2048,2922.98,10000
Complex/identifier,PCRE2,2048,1124.68,10000
Complex/identifier,Hyperscan,2048,1136.61,10000
Complex/identifier,std::regex,2048,35309.59,2000
Complex/identifier,CTRE-SIMD,4096,200.01,10000
Complex/identifier,RE2,4096,5842.51,10000
Complex/identifier,PCRE2,4096,2227.48,10000
Complex/identifier,Hyperscan,4096,2230.16,10000
Complex/identifier,std::regex,4096,91907.06,2000
Complex/identifier,CTRE-SIMD,8192,333.74,10000
Complex/identifier,RE2,8192,11790.97,10000
Complex/identifier,PCRE2,8192,4434.71,10000
Complex/identifier,Hyperscan,8192,4428.63,10000
Complex/identifier,std::regex,8192,246351.17,2000
Complex/identifier,CTRE-SIMD,16384,604.77,10000
Complex/identifier,RE2,16384,23223.84,10000
Complex/identifier,PCRE2,16384,8840.1,10000
Complex/identifier,Hyperscan,16384,8795.55,10000
Complex/identifier,CTRE-SIMD,32768,1178.45,10000
Complex/identifier,RE2,32768,46470.76,10000
Complex/identifier,PCRE2,32768,17634.03,10000
Complex/identifier,Hyperscan,32768,17562.43,10000
Complex/url,CTRE-SIMD,16,6.72,10000
Complex/url,RE2,16,75.17,10000
Complex/url,PCRE2,16,20.33,10000
Complex/url,Hyperscan,16,53.28,10000
Complex/url,std::regex,16,231.68,2000
Complex/url,CTRE-SIMD,32,15.55,10000
Complex/url,RE2,32,92.72,10000
Complex/url,PCRE2,32,28.27,10000
Complex/url,Hyperscan,32,83.72,10000
Complex/url,std::regex,32,625.67,2000
Complex/url,CTRE-SIMD,64,10.56,10000
Complex/url,RE2,64,153.97,10000
Complex/url,PCRE2,64,44.59,10000
Complex/url,Hyperscan,64,145.31,10000
Complex/url,std::regex,64,1307.75,2000
Complex/url,CTRE-SIMD,128,15.42,10000
Complex/url,RE2,128,241.35,10000
Complex/url,PCRE2,128,78.49,10000
Complex/url,Hyperscan,128,362.09,10000
Complex/url,std::regex,128,2542.98,2000
Complex/url,CTRE-SIMD,256,17.47,10000
Complex/url,RE2,256,407.3,10000
Complex/url,PCRE2,256,152.8,10000
Complex/url,Hyperscan,256,645.02,10000
Complex/url,std::regex,256,4312.22,2000
Complex/url,CTRE-SIMD,512,21.78,10000
Complex/url,RE2,512,765.3,10000
Complex/url,PCRE2,512,290.79,10000
Complex/url,Hyperscan,512,1192.02,10000
Complex/url,std::regex,512,9111.64,2000
Complex/url,CTRE-SIMD,1024,34.63,10000
Complex/url,RE2,1024,1490.79,10000
Complex/url,PCRE2,1024,565.62,10000
Complex/url,Hyperscan,1024,2289.06,10000
Complex/url,std::regex,1024,20147.62,2000
Complex/url,CTRE-SIMD,2048,58.81,10000
Complex/url,RE2,2048,2953.56,10000
Complex/url,PCRE2,2048,1117.46,10000
Complex/url,Hyperscan,2048,4494.72,10000
Complex/url,std::regex,2048,40331.75,2000
Complex/url,CTRE-SIMD,4096,103.85,10000
Complex/url,RE2,4096,5970.15,10000
Complex/url,PCRE2,4096,2210.91,10000
Complex/url,Hyperscan,4096,8880.79,10000
Complex/url,std::regex,4096,98157.26,2000
Complex/url,CTRE-SIMD,8192,193.72,10000
Complex/url,RE2,8192,12064.41,10000
Complex/url,PCRE2,8192,4406.52,10000
Complex/url,Hyperscan,8192,17654.89,10000
Complex/url,std::regex,8192,239732.32,2000
Complex/url,CTRE-SIMD,16384,377.11,10000
Complex/url,RE2,16384,23955.49,10000
Complex/url,PCRE2,16384,8794.55,10000
Complex/url,Hyperscan,16384,35216.51,10000
Complex/url,CTRE-SIMD,32768,841.19,10000
Complex/url,RE2,32768,46126.88,10000
Complex/url,PCRE2,32768,17584.66,10000
Complex/url,Hyperscan,32768,70368.0,10000
Complex/key_value,CTRE-SIMD,16,8.21,10000
Complex/key_value,RE2,16,75.53,10000
Complex/key_value,PCRE2,16,23.37,10000
Complex/key_value,Hyperscan,16,54.53,10000
Complex/key_value,std::regex,16,330.49,2000
Complex/key_value,CTRE-SIMD,32,13.7,10000
Complex/key_value,RE2,32,93.63,10000
Complex/key_value,PCRE2,32,29.14,10000
Complex/key_value,Hyperscan,32,83.51,10000
Complex/key_value,std::regex,32,584.37,2000
Complex/key_value,CTRE-SIMD,64,24.98,10000
Complex/key_value,RE2,64,138.38,10000
Complex/key_value,PCRE2,64,42.2,10000
Complex/key_value,Hyperscan,64,73.38,10000
Complex/key_value,std::regex,64,1360.12,2000
Complex/key_value,CTRE-SIMD,128,19.62,10000
Complex/key_value,RE2,128,234.18,10000
Complex/key_value,PCRE2,128,70.18,10000
Complex/key_value,Hyperscan,128,106.6,10000
Complex/key_value,std::regex,128,2722.01,2000
Complex/key_value,CTRE-SIMD,256,28.44,10000
Complex/key_value,RE2,256,408.18,10000
Complex/key_value,PCRE2,256,122.88,10000
Complex/key_value,Hyperscan,256,175.28,10000
Complex/key_value,std::regex,256,5625.17,2000
Complex/key_value,CTRE-SIMD,512,31.62,10000
Complex/key_value,RE2,512,783.64,10000
Complex/key_value,PCRE2,512,229.17,10000
Complex/key_value,Hyperscan,512,311.58,10000
Complex/key_value,std::regex,512,11036.89,2000
Complex/key_value,CTRE-SIMD,1024,43.54,10000
Complex/key_value,RE2,1024,1493.95,10000
Complex/key_value,PCRE2,1024,450.67,10000
Complex/key_value,Hyperscan,1024,589.5,10000
Complex/key_value,std::regex,1024,23201.89,2000
Complex/key_value,CTRE-SIMD,2048,66.8,10000
Complex/key_value,RE2,2048,2949.25,10000
Complex/key_value,PCRE2,2048,893.68,10000
Complex/key_value,Hyperscan,2048,1136.27,10000
Complex/key_value,std::regex,2048,44928.24,2000
Complex/key_value,CTRE-SIMD,4096,109.42,10000
Complex/key_value,RE2,4096,5831.43,10000
Complex/key_value,PCRE2,4096,1770.49,10000
Complex/key_value,Hyperscan,4096,2230.57,10000
Complex/key_value,std::regex,4096,101304.98,2000
Complex/key_value,CTRE-SIMD,8192,191.29,10000
Complex/key_value,RE2,8192,11751.09,10000
Complex/key_value,PCRE2,8192,3484.69,10000
Complex/key_value,Hyperscan,8192,4419.79,10000
Complex/key_value,std::regex,8192,241546.32,2000
Complex/key_value,CTRE-SIMD,16384,365.82,10000
Complex/key_value,RE2,16384,23063.47,10000
Complex/key_value,PCRE2,16384,6905.79,10000
Complex/key_value,Hyperscan,16384,8793.14,10000
Complex/key_value,CTRE-SIMD,32768,808.96,10000
Complex/key_value,RE2,32768,46601.3,10000
Complex/key_value,PCRE2,32768,13894.33,10000
Complex/key_value,Hyperscan,32768,17566.17,10000
Complex/http_method,CTRE-SIMD,16,11.76,10000
Complex/http_method,RE2,16,78.04,10000
Complex/http_method,PCRE2,16,26.63,10000
Complex/http_method,Hyperscan,16,54.13,10000
Complex/http_method,std::regex,16,325.67,2000
Complex/http_method,CTRE-SIMD,32,21.33,10000
Complex/http_method,RE2,32,97.24,10000
Complex/http_method,PCRE2,32,31.03,10000
Complex/http_method,Hyperscan,32,92.83,10000
Complex/http_method,std::regex,32,740.68,2000
Complex/http_method,CTRE-SIMD,64,16.14,10000
Complex/http_method,RE2,64,143.03,10000
Complex/http_method,PCRE2,64,40.24,10000
Complex/http_method,Hyperscan,64,142.84,10000
Complex/http_method,std::regex,64,1414.17,2000
Complex/http_method,CTRE-SIMD,128,19.24,10000
Complex/http_method,RE2,128,232.05,10000
Complex/http_method,PCRE2,128,57.42,10000
Complex/http_method,Hyperscan,128,381.44,10000
Complex/http_method,std::regex,128,2295.81,2000
Complex/http_method,CTRE-SIMD,256,22.08,10000
Complex/http_method,RE2,256,410.95,10000
Complex/http_method,PCRE2,256,91.82,10000
Complex/http_method,Hyperscan,256,660.67,10000
Complex/http_method,std::regex,256,4506.88,2000
Complex/http_method,CTRE-SIMD,512,26.2,10000
Complex/http_method,RE2,512,799.21,10000
Complex/http_method,PCRE2,512,166.02,10000
Complex/http_method,Hyperscan,512,1209.6,10000
Complex/http_method,std::regex,512,9171.05,2000
Complex/http_method,CTRE-SIMD,1024,37.42,10000
Complex/http_method,RE2,1024,1485.3,10000
Complex/http_method,PCRE2,1024,304.67,10000
Complex/http_method,Hyperscan,1024,2302.47,10000
Complex/http_method,std::regex,1024,19329.61,2000
Complex/http_method,CTRE-SIMD,2048,63.65,10000
Complex/http_method,RE2,2048,3043.43,10000
Complex/http_method,PCRE2,2048,579.96,10000
Complex/http_method,Hyperscan,2048,4508.62,10000
Complex/http_method,std::regex,2048,45504.0,2000
Complex/http_method,CTRE-SIMD,4096,108.41,10000
Complex/http_method,RE2,4096,5873.09,10000
Complex/http_method,PCRE2,4096,1130.0,10000
Complex/http_method,Hyperscan,4096,8884.57,10000
Complex/http_method,std::regex,4096,104966.35,2000
Complex/http_method,CTRE-SIMD,8192,197.25,10000
Complex/http_method,RE2,8192,11887.17,10000
Complex/http_method,PCRE2,8192,2231.38,10000
Complex/http_method,Hyperscan,8192,17657.24,10000
Complex/http_method,std::regex,8192,242827.13,2000
Complex/http_method,CTRE-SIMD,16384,382.45,10000
Complex/http_method,RE2,16384,23261.77,10000
Complex/http_method,PCRE2,16384,4436.86,10000
Complex/http_method,Hyperscan,16384,35285.14,10000
Complex/http_method,CTRE-SIMD,32768,851.16,10000
Complex/http_method,RE2,32768,46350.66,10000
Complex/http_method,PCRE2,32768,8858.42,10000
Complex/http_method,Hyperscan,32768,70373.08,10000
Complex/letters_digits,CTRE-SIMD,16,11.89,10000
Complex/letters_digits,RE2,16,75.72,10000
Complex/letters_digits,PCRE2,16,22.45,10000
Complex/letters_digits,Hyperscan,16,53.22,10000
Complex/letters_digits,std::regex,16,253.91,2000
Complex/letters_digits,CTRE-SIMD,32,13.47,10000
Complex/letters_digits,RE2,32,94.46,10000
Complex/letters_digits,PCRE2,32,28.73,10000
Complex/letters_digits,Hyperscan,32,83.85,10000
Complex/letters_digits,std::regex,32,731.38,2000
Complex/letters_digits,CTRE-SIMD,64,8.93,10000
Complex/letters_digits,RE2,64,140.28,10000
Complex/letters_digits,PCRE2,64,40.36,10000
Complex/letters_digits,Hyperscan,64,71.99,10000
Complex/letters_digits,std::regex,64,1351.78,2000
Complex/letters_digits,CTRE-SIMD,128,9.03,10000
Complex/letters_digits,RE2,128,228.71,10000
Complex/letters_digits,PCRE2,128,66.7,10000
Complex/letters_digits,Hyperscan,128,107.62,10000
Complex/letters_digits,std::regex,128,2746.13,2000
Complex/letters_digits,CTRE-SIMD,256,11.96,10000
Complex/letters_digits,RE2,256,406.96,10000
Complex/letters_digits,PCRE2,256,117.43,10000
Complex/letters_digits,Hyperscan,256,175.46,10000
Complex/letters_digits,std::regex,256,5143.09,2000
Complex/letters_digits,CTRE-SIMD,512,21.34,10000
Complex/letters_digits,RE2,512,762.55,10000
Complex/letters_digits,PCRE2,512,220.9,10000
Complex/letters_digits,Hyperscan,512,311.13,10000
Complex/letters_digits,std::regex,512,11161.74,2000
Complex/letters_digits,CTRE-SIMD,1024,33.6,10000
Complex/letters_digits,RE2,1024,1498.75,10000
Complex/letters_digits,PCRE2,1024,433.98,10000
Complex/letters_digits,Hyperscan,1024,587.06,10000
Complex/letters_digits,std::regex,1024,23324.55,2000
Complex/letters_digits,CTRE-SIMD,2048,55.36,10000
Complex/letters_digits,RE2,2048,2941.22,10000
Complex/letters_digits,PCRE2,2048,853.2,10000
Complex/letters_digits,Hyperscan,2048,1136.76,10000
Complex/letters_digits,std::regex,2048,47684.47,2000
Complex/letters_digits,CTRE-SIMD,4096,95.25,10000
Complex/letters_digits,RE2,4096,5820.67,10000
Complex/letters_digits,PCRE2,4096,1676.52,10000
Complex/letters_digits,Hyperscan,4096,2231.81,10000
Complex/letters_digits,std::regex,4096,96131.94,2000
Complex/letters_digits,CTRE-SIMD,8192,173.7,10000
Complex/letters_digits,RE2,8192,11556.92,10000
Complex/letters_digits,PCRE2,8192,3323.51,10000
Complex/letters_digits,Hyperscan,8192,4414.69,10000
Complex/letters_digits,std::regex,8192,234578.75,2000
Complex/letters_digits,CTRE-SIMD,16384,336.59,10000
Complex/letters_digits,RE2,16384,23106.26,10000
Complex/letters_digits,PCRE2,16384,6620.99,10000
Complex/letters_digits,Hyperscan,16384,8803.07,10000
Complex/letters_digits,CTRE-SIMD,32768,773.22,10000
Complex/letters_digits,RE2,32768,46229.58,10000
Complex/letters_digits,PCRE2,32768,13235.94,10000
Complex/letters_digits,Hyperscan,32768,17548.59,10000
Complex/http_header,CTRE-SIMD,16,10.35,10000
Complex/http_header,RE2,16,75.61,10000
Complex/http_header,PCRE2,16,27.35,10000
Complex/http_header,Hyperscan,16,53.01,10000
Complex/http_header,std::regex,16,302.5,2000
Complex/http_header,CTRE-SIMD,32,20.42,10000
Complex/http_header,RE2,32,93.68,10000
Complex/http_header,PCRE2,32,36.65,10000
Complex/http_header,Hyperscan,32,85.43,10000
Complex/http_header,std::regex,32,693.59,2000
Complex/http_header,CTRE-SIMD,64,11.2,10000
Complex/http_header,RE2,64,138.61,10000
Complex/http_header,PCRE2,64,54.05,10000
Complex/http_header,Hyperscan,64,144.14,10000
Complex/http_header,std::regex,64,1227.46,2000
Complex/http_header,CTRE-SIMD,128,16.95,10000
Complex/http_header,RE2,128,229.67,10000
Complex/http_header,PCRE2,128,89.66,10000
Complex/http_header,Hyperscan,128,338.07,10000
Complex/http_header,std::regex,128,2636.89,2000
Complex/http_header,CTRE-SIMD,256,14.86,10000
Complex/http_header,RE2,256,422.45,10000
Complex/http_header,PCRE2,256,158.05,10000
Complex/http_header,Hyperscan,256,582.28,10000
Complex/http_header,std::regex,256,4118.3,2000
Complex/http_header,CTRE-SIMD,512,27.55,10000
Complex/http_header,RE2,512,771.81,10000
Complex/http_header,PCRE2,512,297.96,10000
Complex/http_header,Hyperscan,512,1012.52,10000
Complex/http_header,std::regex,512,9250.46,2000
Complex/http_header,CTRE-SIMD,1024,39.19,10000
Complex/http_header,RE2,1024,1494.68,10000
Complex/http_header,PCRE2,1024,591.41,10000
Complex/http_header,Hyperscan,1024,1845.37,10000
Complex/http_header,std::regex,1024,20067.19,2000
Complex/http_header,CTRE-SIMD,2048,75.06,10000
Complex/http_header,RE2,2048,2924.12,10000
Complex/http_header,PCRE2,2048,1152.0,10000
Complex/http_header,Hyperscan,2048,3511.44,10000
Complex/http_header,std::regex,2048,49223.74,2000
Complex/http_header,CTRE-SIMD,4096,133.47,10000
Complex/http_header,RE2,4096,5848.97,10000
Complex/http_header,PCRE2,4096,2283.09,10000
Complex/http_header,Hyperscan,4096,6853.25,10000
Complex/http_header,std::regex,4096,95139.88,2000
Complex/http_header,CTRE-SIMD,8192,257.99,10000
Complex/http_header,RE2,8192,11540.03,10000
Complex/http_header,PCRE2,8192,4525.61,10000
Complex/http_header,Hyperscan,8192,13584.88,10000
Complex/http_header,std::regex,8192,243855.15,2000
Complex/http_header,CTRE-SIMD,16384,507.87,10000
Complex/http_header,RE2,16384,23149.74,10000
Complex/http_header,PCRE2,16384,9019.42,10000
Complex/http_header,Hyperscan,16384,27148.31,10000
Complex/http_header,CTRE-SIMD,32768,1039.11,10000
Complex/http_header,RE2,32768,46277.16,10000
Complex/http_header,PCRE2,32768,18152.68,10000
Complex/http_header,Hyperscan,32768,54346.39,10000
Complex/log_time,CTRE-SIMD,16,11.14,10000
Complex/log_time,RE2,16,75.81,10000
Complex/log_time,PCRE2,16,23.77,10000
Complex/log_time,Hyperscan,16,63.32,10000
Complex/log_time,std::regex,16,319.22,2000
Complex/log_time,CTRE-SIMD,32,15.6,10000
Complex/log_time,RE2,32,93.35,10000
Complex/log_time,PCRE2,32,31.05,10000
Complex/log_time,Hyperscan,32,86.94,10000
Complex/log_time,std::regex,32,697.63,2000
Complex/log_time,CTRE-SIMD,64,27.01,10000
Complex/log_time,RE2,64,138.97,10000
Complex/log_time,PCRE2,64,48.56,10000
Complex/log_time,Hyperscan,64,73.16,10000
Complex/log_time,std::regex,64,1360.02,2000
Complex/log_time,CTRE-SIMD,128,28.44,10000
Complex/log_time,RE2,128,228.81,10000
Complex/log_time,PCRE2,128,74.43,10000
Complex/log_time,Hyperscan,128,106.76,10000
Complex/log_time,std::regex,128,2840.97,2000
Complex/log_time,CTRE-SIMD,256,34.06,10000
Complex/log_time,RE2,256,414.3,10000
Complex/log_time,PCRE2,256,131.03,10000
Complex/log_time,Hyperscan,256,176.18,10000
Complex/log_time,std::regex,256,7016.79,2000
Complex/log_time,CTRE-SIMD,512,36.67,10000
Complex/log_time,RE2,512,778.96,10000
Complex/log_time,PCRE2,512,248.31,10000
Complex/log_time,Hyperscan,512,311.21,10000
Complex/log_time,std::regex,512,14376.93,2000
Complex/log_time,CTRE-SIMD,1024,50.43,10000
Complex/log_time,RE2,1024,1519.04,10000
Complex/log_time,PCRE2,1024,499.43,10000
Complex/log_time,Hyperscan,1024,587.67,10000
Complex/log_time,std::regex,1024,26479.58,2000
Complex/log_time,CTRE-SIMD,2048,70.0,10000
Complex/log_time,RE2,2048,2951.05,10000
Complex/log_time,PCRE2,2048,970.44,10000
Complex/log_time,Hyperscan,2048,1138.88,10000
Complex/log_time,std::regex,2048,58308.8,2000
Complex/log_time,CTRE-SIMD,4096,116.04,10000
Complex/log_time,RE2,4096,5845.7,10000
Complex/log_time,PCRE2,4096,1905.45,10000
Complex/log_time,Hyperscan,4096,2231.61,10000
Complex/log_time,std::regex,4096,110640.48,2000
Complex/log_time,CTRE-SIMD,8192,198.18,10000
Complex/log_time,RE2,8192,11769.92,10000
Complex/log_time,PCRE2,8192,3787.5,10000
Complex/log_time,Hyperscan,8192,4409.89,10000
Complex/log_time,std::regex,8192,258299.88,2000
Complex/log_time,CTRE-SIMD,16384,373.09,10000
Complex/log_time,RE2,16384,22964.64,10000
Complex/log_time,PCRE2,16384,7542.01,10000
Complex/log_time,Hyperscan,16384,8795.05,10000
Complex/log_time,CTRE-SIMD,32768,810.88,10000
Complex/log_time,RE2,32768,45939.58,10000
Complex/log_time,PCRE2,32768,15118.89,10000
Complex/log_time,Hyperscan,32768,17552.1,10000
